my_k	my_ntile	term	estimate	std.error	statistic	p.value	conf.low	conf.high
7	3	s_pred	7.406232947382836	0.014094805578171665	525.458326211517	0	7.378622389546643	7.433873124491016
