formula	AIC	BIC	R2_conditional	R2_marginal	RMSE	Chi2	p
1 + (1 | stem) + (1 | suffix)	21115.724884952422	21131.071631330975	0.6843490004867275	0	0.1519044714886568	NA	NA
1 + knn + (1 | stem) + (1 + knn | suffix)	20084.79862530372	20115.492118060825	0.6794895848447334	0.07286977853965942	0.15092699885891758	1036.9262596487024	1.7561267951299736e-224
1 + knn + suffix_initial + (1 + suffix_initial | stem) + (1 | suffix)	16574.846398775087	16610.65547365838	0.6896304036312264	0.06920887748894872	0.14440835069350036	3511.9522265286323	0
1 + knn * suffix_initial + (1 + suffix_initial | stem) + (1 | suffix)	16563.035010026415	16603.95966703589	0.6988470745372016	0.10807195889583046	0.14433075908499077	13.81138874867247	2.021074073077551e-4
