formula	AIC	BIC	R2_conditional	R2_marginal	RMSE
1 + (1 | stem) + (1 | suffix)	21115.724884952415	21131.071631330968	0.6843489936494269	0	0.1519044715049692
1 + knn + (1 | stem) + (1 + knn | suffix)	20084.79862530372	20115.492118060825	0.6794895848447334	0.07286977853965942	0.15092699885891758
1 + knn + suffix_initial + (1 + suffix_initial | stem) + (1 + knn | suffix)	15612.501126686111	15658.541365821771	0.7496931958647229	0.1893589180522919	0.14319281066905865
1 + knn * suffix_initial + (1 + suffix_initial | stem) + (1 + knn | suffix)	15559.90780330335	15611.063624565193	0.7598871010091076	0.17642191426186538	0.14288453209686416
