name	statistic	p.value	parameter	method
jc	1.6089086757867237	0.4473319520708978	2	Pearson's Chi-squared test
lv	21.18538917252629	2.509869798541205e-5	2	Pearson's Chi-squared test
